District,Chiefdom
Bonthe District,Bendu-Cha Chiefdom
Bonthe District,Bendu-Cha Chiefdom
Bonthe District,Bendu-Cha Chiefdom
Bonthe District,Bendu-Cha Chiefdom
Bonthe District,Bendu-Cha Chiefdom
Bonthe District,Bendu-Cha Chiefdom
Bonthe District,Bum Chiefdom
Bonthe District,Bum Chiefdom
Bonthe District,Bum Chiefdom
Bonthe District,Bum Chiefdom
Bonthe District,Bum Chiefdom
Bonthe District,Bum Chiefdom
Bonthe District,Bum Chiefdom
Bonthe District,Bum Chiefdom
Bonthe District,Dema Chiefdom
Bonthe District,Dema Chiefdom
Bonthe District,Dema Chiefdom
Bonthe District,Dema Chiefdom
Bonthe District,Imperi Chiefdom
Bonthe District,Imperi Chiefdom
Bonthe District,Imperi Chiefdom
Bonthe District,Imperi Chiefdom
Bonthe District,Imperi Chiefdom
Bonthe District,Imperi Chiefdom
Bonthe District,Imperi Chiefdom
Bonthe District,Imperi Chiefdom
Bonthe District,Imperi Chiefdom
Bonthe District,Imperi Chiefdom
Bonthe District,Imperi Chiefdom
Bonthe District,Imperi Chiefdom
Bonthe District,Imperi Chiefdom
Bonthe District,Jong Chiefdom
Bonthe District,Jong Chiefdom
Bonthe District,Jong Chiefdom
Bonthe District,Jong Chiefdom
Bonthe District,Jong Chiefdom
Bonthe District,Jong Chiefdom
Bonthe District,Jong Chiefdom
Bonthe District,Jong Chiefdom
Bonthe District,Jong Chiefdom
Bonthe District,Jong Chiefdom
Bonthe District,Jong Chiefdom
Bonthe District,Jong Chiefdom
Bonthe District,Jong Chiefdom
Bonthe District,Jong Chiefdom
Bonthe District,Jong Chiefdom
Bonthe District,Jong Chiefdom
Bonthe District,Jong Chiefdom
Bonthe District,Kpanda Kemoh Chiefdom
Bonthe District,Kpanda Kemoh Chiefdom
Bonthe District,Kpanda Kemoh Chiefdom
Bonthe District,Kpanda Kemoh Chiefdom
Bonthe District,Kpanda Kemoh Chiefdom
Bonthe District,Kwamebai Krim Chiefdom
Bonthe District,Kwamebai Krim Chiefdom
Bonthe District,Kwamebai Krim Chiefdom
Bonthe District,Kwamebai Krim Chiefdom
Bonthe District,Kwamebai Krim Chiefdom
Bonthe District,Kwamebai Krim Chiefdom
Bonthe District,Nongoba Bullom Chiefdom
Bonthe District,Nongoba Bullom Chiefdom
Bonthe District,Nongoba Bullom Chiefdom
Bonthe District,Nongoba Bullom Chiefdom
Bonthe District,Nongoba Bullom Chiefdom
Bonthe District,Nongoba Bullom Chiefdom
Bonthe District,Nongoba Bullom Chiefdom
Bonthe District,Nongoba Bullom Chiefdom
Bonthe District,Nongoba Bullom Chiefdom
Bonthe District,Nongoba Bullom Chiefdom
Bonthe District,Nongoba Bullom Chiefdom
Bonthe District,Nongoba Bullom Chiefdom
Bonthe District,Sittia Chiefdom
Bonthe District,Sittia Chiefdom
Bonthe District,Sittia Chiefdom
Bonthe District,Sittia Chiefdom
Bonthe District,Sittia Chiefdom
Bonthe District,Sittia Chiefdom
Bonthe District,Sittia Chiefdom
Bonthe District,Sittia Chiefdom
Bonthe District,Sogbini Chiefdom
Bonthe District,Sogbini Chiefdom
Bonthe District,Sogbini Chiefdom
Bonthe District,Sogbini Chiefdom
Bonthe District,Sogbini Chiefdom
Bonthe District,Sogbini Chiefdom
Bonthe District,Yawbeko Chiefdom
Bonthe District,Yawbeko Chiefdom
Bonthe District,Yawbeko Chiefdom
Bonthe District,Yawbeko Chiefdom
Bonthe District,Yawbeko Chiefdom
Bonthe District,Bonthe Town
Bonthe District,Bonthe Town
Bonthe District,Bonthe Town
Bonthe District,Bonthe Town
Bonthe District,Bonthe Town
Koinadugu District,Diang Chiefdom
Koinadugu District,Diang Chiefdom
Koinadugu District,Diang Chiefdom
Koinadugu District,Diang Chiefdom
Koinadugu District,Diang Chiefdom
Koinadugu District,Diang Chiefdom
Koinadugu District,Diang Chiefdom
Koinadugu District,Diang Chiefdom
Koinadugu District,Diang Chiefdom
Koinadugu District,Diang Chiefdom
Koinadugu District,Diang Chiefdom
Koinadugu District,Diang Chiefdom
Koinadugu District,Diang Chiefdom
Koinadugu District,Gbonkorbor Kayaka Chiefdom
Koinadugu District,Gbonkorbor Kayaka Chiefdom
Koinadugu District,Gbonkorbor Kayaka Chiefdom
Koinadugu District,Gbonkorbor Kayaka Chiefdom
Koinadugu District,Kallian Chiefdom
Koinadugu District,Kallian Chiefdom
Koinadugu District,Kallian Chiefdom
Koinadugu District,Kallian Chiefdom
Koinadugu District,Kallian Chiefdom
Koinadugu District,Kallian Chiefdom
Koinadugu District,Kamukeh Chiefdom
Koinadugu District,Kamukeh Chiefdom
Koinadugu District,Kamukeh Chiefdom
Koinadugu District,Kamukeh Chiefdom
Koinadugu District,Kasunko Kakellay Chiefdom
Koinadugu District,Kasunko Kakellay Chiefdom
Koinadugu District,Kasunko Kakellay Chiefdom
Koinadugu District,Kasunko Kakellay Chiefdom
Koinadugu District,Kasunko Kakellay Chiefdom
Koinadugu District,Nieni Chiefdom
Koinadugu District,Nieni Chiefdom
Koinadugu District,Nieni Chiefdom
Koinadugu District,Nieni Chiefdom
Koinadugu District,Nieni Chiefdom
Koinadugu District,Nieni Chiefdom
Koinadugu District,Nieni Chiefdom
Koinadugu District,Sengbeh Chiefdom
Koinadugu District,Sengbeh Chiefdom
Koinadugu District,Sengbeh Chiefdom
Koinadugu District,Sengbeh Chiefdom
Koinadugu District,Sengbeh Chiefdom
Koinadugu District,Sengbeh Chiefdom
Koinadugu District,Sengbeh Chiefdom
Koinadugu District,Sengbeh Chiefdom
Koinadugu District,Sengbeh Chiefdom
Koinadugu District,Thamiso Chiefdom
Koinadugu District,Thamiso Chiefdom
Koinadugu District,Thamiso Chiefdom
Koinadugu District,Wara Wara Bafodia Chiefdom
Koinadugu District,Wara Wara Bafodia Chiefdom
Koinadugu District,Wara Wara Bafodia Chiefdom
Koinadugu District,Wara Wara Bafodia Chiefdom
Koinadugu District,Wara Wara Bafodia Chiefdom
Koinadugu District,Wara Wara Bafodia Chiefdom
Koinadugu District,Wara Wara Yagala Chiefdom
Koinadugu District,Wara Wara Yagala Chiefdom
Koinadugu District,Wara Wara Yagala Chiefdom
Koinadugu District,Wara Wara Yagala Chiefdom
Koinadugu District,Wara Wara Yagala Chiefdom
Koinadugu District,Wara Wara Yagala Chiefdom
Koinadugu District,Wara Wara Yagala Chiefdom
Koinadugu District,Wara Wara Yagala Chiefdom
Koinadugu District,Wara Wara Yagala Chiefdom
Koinadugu District,Wara Wara Yagala Chiefdom
Koinadugu District,Wara Wara Yagala Chiefdom
Koinadugu District,Wara Wara Yagala Chiefdom
Port Loko District,Port Loko City
Port Loko District,Port Loko City
Port Loko District,Port Loko City
Port Loko District,Port Loko City
Port Loko District,Bake-Loko Chiefdom
Port Loko District,Bake-Loko Chiefdom
Port Loko District,Bake-Loko Chiefdom
Port Loko District,Bake-Loko Chiefdom
Port Loko District,Bake-Loko Chiefdom
Port Loko District,Bake-Loko Chiefdom
Port Loko District,Bureh Chiefdom
Port Loko District,Bureh Chiefdom
Port Loko District,Bureh Chiefdom
Port Loko District,Bureh Chiefdom
Port Loko District,Kaffu Bullom Chiefdom
Port Loko District,Kaffu Bullom Chiefdom
Port Loko District,Kaffu Bullom Chiefdom
Port Loko District,Kaffu Bullom Chiefdom
Port Loko District,Kaffu Bullom Chiefdom
Port Loko District,Kaffu Bullom Chiefdom
Port Loko District,Kaffu Bullom Chiefdom
Port Loko District,Kaffu Bullom Chiefdom
Port Loko District,Kaffu Bullom Chiefdom
Port Loko District,Kaffu Bullom Chiefdom
Port Loko District,Kaffu Bullom Chiefdom
Port Loko District,Kaffu Bullom Chiefdom
Port Loko District,Kaffu Bullom Chiefdom
Port Loko District,Kaffu Bullom Chiefdom
Port Loko District,Kaffu Bullom Chiefdom
Port Loko District,Kaffu Bullom Chiefdom
Port Loko District,Kaffu Bullom Chiefdom
Port Loko District,Kaffu Bullom Chiefdom
Port Loko District,Kaffu Bullom Chiefdom
Port Loko District,Kaffu Bullom Chiefdom
Port Loko District,Kaffu Bullom Chiefdom
Port Loko District,Kaffu Bullom Chiefdom
Port Loko District,Kaffu Bullom Chiefdom
Port Loko District,Kamasondo Chiefdom
Port Loko District,Kamasondo Chiefdom
Port Loko District,Kamasondo Chiefdom
Port Loko District,Kamasondo Chiefdom
Port Loko District,Kamasondo Chiefdom
Port Loko District,Kamasondo Chiefdom
Port Loko District,Kamasondo Chiefdom
Port Loko District,Kamasondo Chiefdom
Port Loko District,Kasseh Chiefdom
Port Loko District,Kasseh Chiefdom
Port Loko District,Kasseh Chiefdom
Port Loko District,Kasseh Chiefdom
Port Loko District,Kasseh Chiefdom
Port Loko District,Koya (Port Loko) Chiefdom
Port Loko District,Koya (Port Loko) Chiefdom
Port Loko District,Koya (Port Loko) Chiefdom
Port Loko District,Koya (Port Loko) Chiefdom
Port Loko District,Koya (Port Loko) Chiefdom
Port Loko District,Koya (Port Loko) Chiefdom
Port Loko District,Koya (Port Loko) Chiefdom
Port Loko District,Koya (Port Loko) Chiefdom
Port Loko District,Koya (Port Loko) Chiefdom
Port Loko District,Koya (Port Loko) Chiefdom
Port Loko District,Koya (Port Loko) Chiefdom
Port Loko District,Koya (Port Loko) Chiefdom
Port Loko District,Koya (Port Loko) Chiefdom
Port Loko District,Koya (Port Loko) Chiefdom
Port Loko District,Koya (Port Loko) Chiefdom
Port Loko District,Koya (Port Loko) Chiefdom
Port Loko District,Koya (Port Loko) Chiefdom
Port Loko District,Koya (Port Loko) Chiefdom
Port Loko District,Lokomasama Chiefdom
Port Loko District,Lokomasama Chiefdom
Port Loko District,Lokomasama Chiefdom
Port Loko District,Lokomasama Chiefdom
Port Loko District,Lokomasama Chiefdom
Port Loko District,Lokomasama Chiefdom
Port Loko District,Lokomasama Chiefdom
Port Loko District,Lokomasama Chiefdom
Port Loko District,Lokomasama Chiefdom
Port Loko District,Lokomasama Chiefdom
Port Loko District,Lokomasama Chiefdom
Port Loko District,Maconteh Chiefdom
Port Loko District,Maconteh Chiefdom
Port Loko District,Maforki Chiefdom
Port Loko District,Maforki Chiefdom
Port Loko District,Maforki Chiefdom
Port Loko District,Maforki Chiefdom
Port Loko District,Maforki Chiefdom
Port Loko District,Maforki Chiefdom
Port Loko District,Maforki Chiefdom
Port Loko District,Maforki Chiefdom
Port Loko District,Maforki Chiefdom
Port Loko District,Maforki Chiefdom
Port Loko District,Makama Chiefdom
Port Loko District,Makama Chiefdom
Port Loko District,Marampa Chiefdom
Port Loko District,Marampa Chiefdom
Port Loko District,Marampa Chiefdom
Port Loko District,Marampa Chiefdom
Port Loko District,Marampa Chiefdom
Port Loko District,Marampa Chiefdom
Port Loko District,Marampa Chiefdom
Port Loko District,Marampa Chiefdom
Port Loko District,Marampa Chiefdom
Port Loko District,Marampa Chiefdom
Port Loko District,Marampa Chiefdom
Port Loko District,Marampa Chiefdom
Port Loko District,Marampa Chiefdom
Port Loko District,Masimera Chiefdom
Port Loko District,Masimera Chiefdom
Port Loko District,Masimera Chiefdom
Port Loko District,Masimera Chiefdom
Port Loko District,Masimera Chiefdom
Port Loko District,Masimera Chiefdom
Port Loko District,Masimera Chiefdom
Port Loko District,Masimera Chiefdom
Port Loko District,Masimera Chiefdom
Port Loko District,Masimera Chiefdom
Port Loko District,Masimera Chiefdom
Port Loko District,Masimera Chiefdom
Port Loko District,Masimera Chiefdom
Port Loko District,Tainkatopa Chiefdom
Port Loko District,Tainkatopa Chiefdom
Port Loko District,Tainkatopa Chiefdom
Pujehun District,Barri Chiefdom
Pujehun District,Barri Chiefdom
Pujehun District,Barri Chiefdom
Pujehun District,Barri Chiefdom
Pujehun District,Barri Chiefdom
Pujehun District,Barri Chiefdom
Pujehun District,Barri Chiefdom
Pujehun District,Barri Chiefdom
Pujehun District,Barri Chiefdom
Pujehun District,Barri Chiefdom
Pujehun District,Barri Chiefdom
Pujehun District,Galliness Chiefdom
Pujehun District,Galliness Chiefdom
Pujehun District,Galliness Chiefdom
Pujehun District,Galliness Chiefdom
Pujehun District,Galliness Chiefdom
Pujehun District,Galliness Chiefdom
Pujehun District,Galliness Chiefdom
Pujehun District,Kabonde Chiefdom
Pujehun District,Kpaka Chiefdom
Pujehun District,Kpaka Chiefdom
Pujehun District,Kpaka Chiefdom
Pujehun District,Kpaka Chiefdom
Pujehun District,Kpaka Chiefdom
Pujehun District,Kpanga Chiefdom
Pujehun District,Kpanga Chiefdom
Pujehun District,Kpanga Chiefdom
Pujehun District,Kpanga Chiefdom
Pujehun District,Kpanga Chiefdom
Pujehun District,Kpanga Chiefdom
Pujehun District,Kpanga Chiefdom
Pujehun District,Kpanga Chiefdom
Pujehun District,Kpanga Chiefdom
Pujehun District,Kpanga Chiefdom
Pujehun District,Kpanga Chiefdom
Pujehun District,Kpanga Chiefdom
Pujehun District,Kpanga Chiefdom
Pujehun District,Kpanga Chiefdom
Pujehun District,Kpanga Chiefdom
Pujehun District,Kpanga Krim Chiefdom
Pujehun District,Kpanga Krim Chiefdom
Pujehun District,Kpanga Krim Chiefdom
Pujehun District,Kpanga Krim Chiefdom
Pujehun District,Makpele Chiefdom
Pujehun District,Makpele Chiefdom
Pujehun District,Makpele Chiefdom
Pujehun District,Makpele Chiefdom
Pujehun District,Makpele Chiefdom
Pujehun District,Makpele Chiefdom
Pujehun District,Makpele Chiefdom
Pujehun District,Makpele Chiefdom
Pujehun District,Malen Chiefdom
Pujehun District,Malen Chiefdom
Pujehun District,Malen Chiefdom
Pujehun District,Malen Chiefdom
Pujehun District,Malen Chiefdom
Pujehun District,Malen Chiefdom
Pujehun District,Malen Chiefdom
Pujehun District,Malen Chiefdom
Pujehun District,Malen Chiefdom
Pujehun District,Mano Sakrim Chiefdom
Pujehun District,Mano Sakrim Chiefdom
Pujehun District,Mano Sakrim Chiefdom
Pujehun District,Mano Sakrim Chiefdom
Pujehun District,Mano Sakrim Chiefdom
Pujehun District,Mano Sakrim Chiefdom
Pujehun District,Mano Sakrim Chiefdom
Pujehun District,Peje Chiefdom
Pujehun District,Peje Chiefdom
Pujehun District,Peje Chiefdom
Pujehun District,Peje Chiefdom
Pujehun District,Peje Chiefdom
Pujehun District,Perri Chiefdom
Pujehun District,Perri Chiefdom
Pujehun District,Perri Chiefdom
Pujehun District,Perri Chiefdom
Pujehun District,Perri Chiefdom
Pujehun District,Perri Chiefdom
Pujehun District,Perri Chiefdom
Pujehun District,Soro Gbeima Chiefdom
Pujehun District,Soro Gbeima Chiefdom
Pujehun District,Soro Gbeima Chiefdom
Pujehun District,Soro Gbeima Chiefdom
Pujehun District,Soro Gbeima Chiefdom
Pujehun District,Soro Gbeima Chiefdom
Pujehun District,Soro Gbeima Chiefdom
Pujehun District,Soro Gbeima Chiefdom
Pujehun District,Soro Gbeima Chiefdom
Pujehun District,Soro Gbeima Chiefdom
Pujehun District,Soro Gbeima Chiefdom
Pujehun District,Soro Gbeima Chiefdom
Pujehun District,Soro Gbeima Chiefdom
Pujehun District,Sowa Chiefdom
Pujehun District,Sowa Chiefdom
Pujehun District,Sowa Chiefdom
Pujehun District,Sowa Chiefdom
Pujehun District,Sowa Chiefdom
Pujehun District,Yakemoh Kpukumu Krim Chiefdom
Pujehun District,Yakemoh Kpukumu Krim Chiefdom
Pujehun District,Yakemoh Kpukumu Krim Chiefdom
Pujehun District,Yakemoh Kpukumu Krim Chiefdom
Pujehun District,Yakemoh Kpukumu Krim Chiefdom
Pujehun District,Yakemoh Kpukumu Krim Chiefdom
Pujehun District,Yakemoh Kpukumu Krim Chiefdom